{
  "signals": [
    "sigma_mean",
    "sigma_max_token",
    "entropy",
    "margin_inv",
    "p_max",
    "random"
  ],
  "tasks": {
    "arc_challenge": {
      "n": 500,
      "overall_acc": 0.456,
      "signals": {
        "entropy": {
          "AUACC": 0.5151902374198384,
          "AURCC": 0.48280976258016167,
          "AURCC_boot_mean": 0.48266140208337693,
          "AURCC_ci95_hi": 0.5439032837017251,
          "AURCC_ci95_lo": 0.42539910529677055,
          "Cov@0.90": 0.002,
          "Cov@0.95": 0.002,
          "Cov@0.99": 0.002
        },
        "margin_inv": {
          "AUACC": 0.501384496907763,
          "AURCC": 0.496615503092237,
          "AURCC_boot_mean": 0.4961478373318997,
          "AURCC_ci95_hi": 0.5567252218350834,
          "AURCC_ci95_lo": 0.4359817407436617,
          "Cov@0.90": 0.002,
          "Cov@0.95": 0.002,
          "Cov@0.99": 0.002
        },
        "p_max": {
          "AUACC": 0.5102679572461876,
          "AURCC": 0.48773204275381254,
          "AURCC_boot_mean": 0.4873794325248722,
          "AURCC_ci95_hi": 0.5486829901362597,
          "AURCC_ci95_lo": 0.42700871333719975,
          "Cov@0.90": 0.002,
          "Cov@0.95": 0.002,
          "Cov@0.99": 0.002
        },
        "random": {
          "AUACC": 0.48218679259101555,
          "AURCC": 0.5158132074089847,
          "AURCC_boot_mean": 0.5427046876515808,
          "AURCC_ci95_hi": 0.6152915868419381,
          "AURCC_ci95_lo": 0.46990915504213265,
          "Cov@0.90": 0.004,
          "Cov@0.95": 0.004,
          "Cov@0.99": 0.004
        },
        "sigma_max_token": {
          "AUACC": 0.5348910744192978,
          "AURCC": 0.4631089255807022,
          "AURCC_boot_mean": 0.4627435298490507,
          "AURCC_ci95_hi": 0.5231844335854803,
          "AURCC_ci95_lo": 0.4049102945822667,
          "Cov@0.90": 0.002,
          "Cov@0.95": 0.002,
          "Cov@0.99": 0.002
        },
        "sigma_mean": {
          "AUACC": 0.5119126765147008,
          "AURCC": 0.4860873234852994,
          "AURCC_boot_mean": 0.4859086304175434,
          "AURCC_ci95_hi": 0.5453279449009659,
          "AURCC_ci95_lo": 0.4276269890436479,
          "Cov@0.90": 0.002,
          "Cov@0.95": 0.002,
          "Cov@0.99": 0.002
        }
      }
    },
    "arc_easy": {
      "n": 500,
      "overall_acc": 0.762,
      "signals": {
        "entropy": {
          "AUACC": 0.8400685346704039,
          "AURCC": 0.15793146532959607,
          "AURCC_boot_mean": 0.15761702740314287,
          "AURCC_ci95_hi": 0.20116728409610843,
          "AURCC_ci95_lo": 0.11948462520922216,
          "Cov@0.90": 0.28,
          "Cov@0.95": 0.016,
          "Cov@0.99": 0.016
        },
        "margin_inv": {
          "AUACC": 0.8296971994169048,
          "AURCC": 0.16830280058309405,
          "AURCC_boot_mean": 0.16812309057743782,
          "AURCC_ci95_hi": 0.21167281000468952,
          "AURCC_ci95_lo": 0.12989677676982403,
          "Cov@0.90": 0.206,
          "Cov@0.95": 0.032,
          "Cov@0.99": 0.032
        },
        "p_max": {
          "AUACC": 0.836609011946264,
          "AURCC": 0.16139098805373583,
          "AURCC_boot_mean": 0.16116701571218042,
          "AURCC_ci95_hi": 0.2036183274958445,
          "AURCC_ci95_lo": 0.12302879472862052,
          "Cov@0.90": 0.208,
          "Cov@0.95": 0.03,
          "Cov@0.99": 0.03
        },
        "random": {
          "AUACC": 0.7514338287639667,
          "AURCC": 0.2465661712360338,
          "AURCC_boot_mean": 0.23707959791375846,
          "AURCC_ci95_hi": 0.3042846815816636,
          "AURCC_ci95_lo": 0.17870261796762,
          "Cov@0.90": 0.0,
          "Cov@0.95": 0.0,
          "Cov@0.99": 0.0
        },
        "sigma_max_token": {
          "AUACC": 0.8398386661668549,
          "AURCC": 0.15816133383314476,
          "AURCC_boot_mean": 0.15764459968693156,
          "AURCC_ci95_hi": 0.19634616444540937,
          "AURCC_ci95_lo": 0.12206212329158553,
          "Cov@0.90": 0.174,
          "Cov@0.95": 0.064,
          "Cov@0.99": 0.058
        },
        "sigma_mean": {
          "AUACC": 0.837523078093858,
          "AURCC": 0.16047692190614282,
          "AURCC_boot_mean": 0.1602254489237874,
          "AURCC_ci95_hi": 0.20332778919804254,
          "AURCC_ci95_lo": 0.12265030536032272,
          "Cov@0.90": 0.28,
          "Cov@0.95": 0.022,
          "Cov@0.99": 0.022
        }
      }
    },
    "truthfulqa_mc2": {
      "n": 500,
      "overall_acc": 0.47556561667107883,
      "signals": {
        "entropy": {
          "AUACC": 0.4614092962003751,
          "AURCC": 0.5365907037996256,
          "AURCC_boot_mean": 0.5358994913740197,
          "AURCC_ci95_hi": 0.5910943350042512,
          "AURCC_ci95_lo": 0.4818809956195122,
          "Cov@0.90": 0.0,
          "Cov@0.95": 0.0,
          "Cov@0.99": 0.0
        },
        "margin_inv": {
          "AUACC": 0.44289140802804916,
          "AURCC": 0.5551085919719504,
          "AURCC_boot_mean": 0.5548029071830977,
          "AURCC_ci95_hi": 0.6082036006248752,
          "AURCC_ci95_lo": 0.5033076702413355,
          "Cov@0.90": 0.004,
          "Cov@0.95": 0.004,
          "Cov@0.99": 0.0
        },
        "p_max": {
          "AUACC": 0.45306787034705587,
          "AURCC": 0.5449321296529441,
          "AURCC_boot_mean": 0.5445647130492459,
          "AURCC_ci95_hi": 0.5978514017080752,
          "AURCC_ci95_lo": 0.49223979479883545,
          "Cov@0.90": 0.004,
          "Cov@0.95": 0.004,
          "Cov@0.99": 0.0
        },
        "random": {
          "AUACC": 0.4775474313878104,
          "AURCC": 0.5204525686121894,
          "AURCC_boot_mean": 0.5225348087537439,
          "AURCC_ci95_hi": 0.5859391160114312,
          "AURCC_ci95_lo": 0.4589841092729465,
          "Cov@0.90": 0.006,
          "Cov@0.95": 0.006,
          "Cov@0.99": 0.006
        },
        "sigma_max_token": {
          "AUACC": 0.5053726362026679,
          "AURCC": 0.49262736379733213,
          "AURCC_boot_mean": 0.492645014698737,
          "AURCC_ci95_hi": 0.5480106152316561,
          "AURCC_ci95_lo": 0.4382304410095738,
          "Cov@0.90": 0.002,
          "Cov@0.95": 0.002,
          "Cov@0.99": 0.0
        },
        "sigma_mean": {
          "AUACC": 0.45318984661206824,
          "AURCC": 0.5448101533879324,
          "AURCC_boot_mean": 0.5443034760959172,
          "AURCC_ci95_hi": 0.5975325337592737,
          "AURCC_ci95_lo": 0.49090556490505044,
          "Cov@0.90": 0.002,
          "Cov@0.95": 0.002,
          "Cov@0.99": 0.002
        }
      }
    }
  }
}