{"version":1,"seed":12605371,"tier":"v143.0-synthetic","calibration":{"ece":0.066218,"n":1000},"abstention":{"coverage_at_95":0.618000,"accuracy":0.980583,"n":500},"swarm":{"routing_accuracy":1.000000,"sigma_spread":0.739665,"n":200},"learning":{"accuracy_before":0.140000,"accuracy_after":0.660000,"sigma_before":0.550000,"sigma_after":0.300000,"holdout_drop":-0.070000,"n":100},"adversarial":{"detection_at_fpr05":0.985000,"fpr":0.040000,"n":200}}
